Word,Sender,Hour,Minute,Day,Month,Year,Message,Location,AbsoluteLocation
griff,Ganrer,19,32,23,07,2014,1,2,2
mentioned,Ganrer,19,32,23,07,2014,1,5,5
first,Ganrer,19,32,23,07,2014,1,8,8
time,Ganrer,19,32,23,07,2014,1,9,9
reading,JoeSwanson,19,36,23,07,2014,2,2,11
mean,JoeSwanson,19,36,23,07,2014,3,4,15
explain,JoeSwanson,19,36,23,07,2014,4,1,16
joe,Ganrer,19,36,23,07,2014,5,1,17
ordered,Ganrer,19,36,23,07,2014,5,2,18
dance,Ganrer,19,36,23,07,2014,5,4,20
84,Ganrer,19,36,23,07,2014,6,2,22
pages,Ganrer,19,36,23,07,2014,6,3,23
griff,Ganrer,19,37,23,07,2014,7,1,25
mentioned,Ganrer,19,37,23,07,2014,7,3,27
already,JoeSwanson,19,37,23,07,2014,8,1,28
where's,JoeSwanson,19,37,23,07,2014,8,2,29
tyrion,JoeSwanson,19,37,23,07,2014,8,3,30
passing,Ganrer,19,37,23,07,2014,9,3,33
way,Ganrer,19,37,23,07,2014,10,4,37
pentos,Ganrer,19,37,23,07,2014,10,7,40
ahhh,JoeSwanson,19,39,23,07,2014,11,1,41
illyrio,JoeSwanson,19,39,23,07,2014,11,3,43
mention,JoeSwanson,19,39,23,07,2014,11,4,44
say,JoeSwanson,19,39,23,07,2014,11,9,49
gets,JoeSwanson,19,39,23,07,2014,12,2,51
good,JoeSwanson,19,39,23,07,2014,12,4,53
much,JoeSwanson,19,39,23,07,2014,13,2,55
interesting,JoeSwanson,19,39,23,07,2014,13,3,56
stuff,JoeSwanson,19,39,23,07,2014,13,4,57
gets,JoeSwanson,19,40,23,07,2014,14,2,59
lot,JoeSwanson,19,40,23,07,2014,14,4,61
sweet,JoeSwanson,19,40,23,07,2014,14,6,63
feast,JoeSwanson,19,40,23,07,2014,14,8,65
right,Ganrer,19,40,23,07,2014,15,1,66
gather,Ganrer,19,40,23,07,2014,15,6,71
seems,Ganrer,19,40,23,07,2014,15,8,73
tyrion,Ganrer,19,40,23,07,2014,15,9,74
going,Ganrer,19,40,23,07,2014,15,11,76
volantis,Ganrer,19,40,23,07,2014,15,13,78
meet,Ganrer,19,40,23,07,2014,15,15,80
griff,Ganrer,19,40,23,07,2014,15,17,82
get,Ganrer,19,40,23,07,2014,15,19,84
things,Ganrer,19,40,23,07,2014,15,20,85
ready,Ganrer,19,40,23,07,2014,15,21,86
dany,Ganrer,19,40,23,07,2014,15,23,88
arrive,Ganrer,19,40,23,07,2014,15,25,90
interesting,JoeSwanson,19,41,23,07,2014,16,1,91
interesting,JoeSwanson,19,41,23,07,2014,17,2,93
tyrion,Ganrer,20,04,23,07,2014,18,3,96
targaryion,Ganrer,20,04,23,07,2014,18,6,99
dreams,Ganrer,20,04,23,07,2014,19,2,101
dragons,Ganrer,20,04,23,07,2014,19,4,103
could,Ganrer,20,04,23,07,2014,20,2,105
marry,Ganrer,20,04,23,07,2014,20,3,106
dany,Ganrer,20,04,23,07,2014,20,4,107
rule,Ganrer,20,04,23,07,2014,21,2,109
write,Ganrer,20,05,23,07,2014,22,3,112
fantasy,Ganrer,20,05,23,07,2014,22,4,113
theory,JoeSwanson,20,17,23,07,2014,23,3,116
discussed,JoeSwanson,20,17,23,07,2014,24,5,121
read,JoeSwanson,20,17,23,07,2014,24,8,124
actually,JoeSwanson,22,29,24,07,2014,25,2,126
really,JoeSwanson,22,29,24,07,2014,25,3,127
getting,JoeSwanson,22,29,24,07,2014,25,4,128
boom,JoeSwanson,22,29,24,07,2014,25,6,130
beach,JoeSwanson,22,29,24,07,2014,25,7,131
l,JoeSwanson,22,29,24,07,2014,25,8,132
really,Ganrer,11,06,25,07,2014,26,2,134
l,Ganrer,11,06,25,07,2014,26,4,136
think,Ganrer,11,06,25,07,2014,26,6,138
shot,Ganrer,11,06,25,07,2014,26,8,140
200,Ganrer,11,07,25,07,2014,27,2,142
pages,Ganrer,11,07,25,07,2014,27,3,143
dance,Ganrer,11,07,25,07,2014,27,5,145
bran,Ganrer,11,07,25,07,2014,28,1,146
fly,Ganrer,11,07,25,07,2014,28,3,148
jon,Ganrer,11,07,25,07,2014,29,2,150
must,Ganrer,11,07,25,07,2014,29,3,151
become,Ganrer,11,07,25,07,2014,29,4,152
man,Ganrer,11,07,25,07,2014,29,6,154
loose,Ganrer,11,07,25,07,2014,30,2,156
friends,Ganrer,11,07,25,07,2014,30,4,158
reckon,Ganrer,11,08,25,07,2014,31,2,160
delirious,Ganrer,11,08,25,07,2014,31,3,161
edd,Ganrer,11,08,25,07,2014,31,4,162
betray,Ganrer,11,08,25,07,2014,31,7,165
delirious,JoeSwanson,11,10,25,07,2014,32,1,167
lol,JoeSwanson,11,10,25,07,2014,33,1,168
knows,JoeSwanson,11,10,25,07,2014,34,2,170
could,JoeSwanson,11,10,25,07,2014,35,2,172
anyone,JoeSwanson,11,10,25,07,2014,35,4,174
right,Ganrer,12,02,25,07,2014,36,2,176
good,Ganrer,12,03,25,07,2014,37,3,181
known,JoeSwanson,12,03,25,07,2014,38,2,185
could,JoeSwanson,12,03,25,07,2014,38,4,187
left,Ganrer,15,47,25,07,2014,39,2,190
m'lord,Ganrer,15,47,25,07,2014,40,2,192
classic,JoeSwanson,15,48,25,07,2014,41,4,196
statement,JoeSwanson,15,48,25,07,2014,41,5,197
'don't,JoeSwanson,15,48,25,07,2014,42,1,198
make,JoeSwanson,15,48,25,07,2014,42,2,199
kick,JoeSwanson,15,48,25,07,2014,42,4,201
again',JoeSwanson,15,48,25,07,2014,42,6,203
'oh,JoeSwanson,15,48,25,07,2014,43,1,204
worry,JoeSwanson,15,48,25,07,2014,43,8,211
that',JoeSwanson,15,48,25,07,2014,43,10,213
ahhh,Ganrer,15,48,25,07,2014,44,1,214
see,Ganrer,15,48,25,07,2014,44,3,216
doyle,JoeSwanson,15,48,25,07,2014,45,2,218
leaves,JoeSwanson,15,48,25,07,2014,45,3,219
there's,JoeSwanson,15,48,25,07,2014,45,5,221
dry,JoeSwanson,15,48,25,07,2014,45,8,224
eye,JoeSwanson,15,48,25,07,2014,45,9,225
chat,JoeSwanson,15,48,25,07,2014,45,12,228
how's,JoeSwanson,15,48,25,07,2014,46,1,229
london,JoeSwanson,15,48,25,07,2014,46,2,230
alright,Ganrer,15,49,25,07,2014,47,2,232
quite,Ganrer,15,49,25,07,2014,47,3,233
rainy,Ganrer,15,49,25,07,2014,47,4,234
want,Ganrer,15,49,25,07,2014,48,3,237
read,Ganrer,15,49,25,07,2014,48,7,241
blame,JoeSwanson,16,58,25,07,2014,49,3,244
reaching,JoeSwanson,16,58,25,07,2014,50,2,247
interesting,JoeSwanson,16,58,25,07,2014,50,3,248
heights,JoeSwanson,16,58,25,07,2014,50,4,249
know,Ganrer,16,58,25,07,2014,51,2,251
how's,Ganrer,16,58,25,07,2014,52,1,252
derby,Ganrer,16,58,25,07,2014,52,2,253
old,JoeSwanson,17,00,25,07,2014,53,2,255
old,JoeSwanson,17,00,25,07,2014,53,4,257
forget,JoeSwanson,17,00,25,07,2014,54,2,259
clan,JoeSwanson,17,00,25,07,2014,54,4,261
battle,JoeSwanson,17,00,25,07,2014,54,5,262
kicked,JoeSwanson,17,00,25,07,2014,55,5,267
done,Ganrer,18,19,25,07,2014,56,1,268
one,Ganrer,18,19,25,07,2014,56,2,269
appears,Ganrer,21,21,28,07,2014,57,2,271
much,Ganrer,21,21,28,07,2014,57,5,274
must,Ganrer,21,21,28,07,2014,57,9,278
discuss,Ganrer,21,21,28,07,2014,57,10,279
much,Ganrer,21,23,28,07,2014,58,1,280
young,Ganrer,21,23,28,07,2014,59,1,281
griff,Ganrer,21,23,28,07,2014,59,2,282
call,Ganrer,21,23,28,07,2014,60,4,286
prince,Ganrer,21,23,28,07,2014,60,6,288
ahhhhhhhh,JoeSwanson,21,23,28,07,2014,61,1,289
made,Ganrer,21,23,28,07,2014,62,2,291
jape,Ganrer,21,23,28,07,2014,62,4,293
sweet,JoeSwanson,21,23,28,07,2014,63,1,296
innocent,JoeSwanson,21,23,28,07,2014,63,2,297
young,JoeSwanson,21,23,28,07,2014,63,3,298
griff,JoeSwanson,21,23,28,07,2014,63,4,299
believe,JoeSwanson,21,24,28,07,2014,64,3,302
knowledge,JoeSwanson,21,24,28,07,2014,65,5,308
prior,JoeSwanson,21,24,28,07,2014,65,8,311
thought,Ganrer,21,24,28,07,2014,66,2,313
might,Ganrer,21,24,28,07,2014,66,4,315
tygarian,Ganrer,21,24,28,07,2014,66,7,318
guess,Ganrer,21,24,28,07,2014,67,5,323
talked,Ganrer,21,24,28,07,2014,67,8,326
eyes,Ganrer,21,24,28,07,2014,67,11,329
talks,JoeSwanson,21,24,28,07,2014,68,4,333
eyes,JoeSwanson,21,24,28,07,2014,68,7,336
'almost,JoeSwanson,21,24,28,07,2014,68,8,337
looking,JoeSwanson,21,24,28,07,2014,68,9,338
indigo',JoeSwanson,21,24,28,07,2014,68,10,339
yes,JoeSwanson,21,24,28,07,2014,69,1,340
yes,Ganrer,21,24,28,07,2014,70,1,341
hahaha,Ganrer,21,24,28,07,2014,71,1,342
passing,JoeSwanson,21,25,28,07,2014,72,5,347
guess,JoeSwanson,21,25,28,07,2014,72,6,348
think,JoeSwanson,21,25,28,07,2014,72,14,356
much,JoeSwanson,21,25,28,07,2014,72,15,357
happened,JoeSwanson,21,25,28,07,2014,73,3,362
clever,Ganrer,21,25,28,07,2014,74,3,365
they're,JoeSwanson,21,25,28,07,2014,75,2,367
many,JoeSwanson,21,25,28,07,2014,75,5,370
irrelevant,JoeSwanson,21,25,28,07,2014,75,6,371
characters,JoeSwanson,21,25,28,07,2014,75,7,372
know,JoeSwanson,21,25,28,07,2014,75,11,376
relevant,JoeSwanson,21,25,28,07,2014,75,14,379
time,JoeSwanson,21,25,28,07,2014,75,17,382
true,Ganrer,21,25,28,07,2014,76,2,384
tyrion,Ganrer,21,26,28,07,2014,77,1,385
taken,Ganrer,21,26,28,07,2014,77,4,388
mormount,Ganrer,21,26,28,07,2014,77,6,390
reckon,Ganrer,21,26,28,07,2014,77,8,392
happened,JoeSwanson,21,26,28,07,2014,78,2,394
guy,Ganrer,21,26,28,07,2014,79,2,396
said,Ganrer,21,26,28,07,2014,79,3,397
taking,Ganrer,21,26,28,07,2014,79,5,399
queen,Ganrer,21,26,28,07,2014,79,9,403
taken,JoeSwanson,21,26,28,07,2014,80,4,407
brothel,JoeSwanson,21,26,28,07,2014,80,7,410
say,Ganrer,21,26,28,07,2014,81,4,414
queen,Ganrer,21,26,28,07,2014,81,6,416
yeah,Ganrer,21,26,28,07,2014,82,1,417
know,Ganrer,21,26,28,07,2014,82,5,421
good,JoeSwanson,21,26,28,07,2014,83,2,424
observations,JoeSwanson,21,26,28,07,2014,83,3,425
interesting,JoeSwanson,21,26,28,07,2014,83,5,427
idea,JoeSwanson,21,26,28,07,2014,83,6,428
see,JoeSwanson,21,26,28,07,2014,84,3,431
soon,JoeSwanson,21,26,28,07,2014,84,4,432
old,Ganrer,21,27,28,07,2014,85,2,434
griff,Ganrer,21,27,28,07,2014,85,3,435
grey,Ganrer,21,27,28,07,2014,85,6,438
scale,Ganrer,21,27,28,07,2014,85,7,439
notice,JoeSwanson,21,27,28,07,2014,86,3,442
whore,JoeSwanson,21,27,28,07,2014,86,6,445
guy,JoeSwanson,21,27,28,07,2014,86,8,447
looked,JoeSwanson,21,27,28,07,2014,86,11,450
like,JoeSwanson,21,27,28,07,2014,86,12,451
old,JoeSwanson,21,27,28,07,2014,87,5,456
griff,JoeSwanson,21,27,28,07,2014,87,6,457
chapter,JoeSwanson,21,27,28,07,2014,87,7,458
already,JoeSwanson,21,27,28,07,2014,87,8,459
know,JoeSwanson,21,27,28,07,2014,88,2,461
poor,JoeSwanson,21,27,28,07,2014,88,3,462
ahhh,JoeSwanson,21,27,28,07,2014,89,1,464
date,JoeSwanson,21,27,28,07,2014,89,6,469
perhaps,JoeSwanson,21,27,28,07,2014,90,1,470
friendship,JoeSwanson,21,27,28,07,2014,90,3,472
continue,JoeSwanson,21,27,28,07,2014,90,5,474
yet,JoeSwanson,21,27,28,07,2014,90,6,475
yeah,Ganrer,21,27,28,07,2014,91,1,476
golden,Ganrer,21,27,28,07,2014,91,6,481
coming,Ganrer,21,27,28,07,2014,91,7,482
haha,Ganrer,21,27,28,07,2014,92,1,483
thinking,Ganrer,21,27,28,07,2014,92,6,488
page,JoeSwanson,21,28,28,07,2014,93,2,490
like,Ganrer,21,29,28,07,2014,94,1,494
340,Ganrer,21,29,28,07,2014,94,2,495
374,Ganrer,21,29,28,07,2014,95,1,496
sweet,JoeSwanson,21,29,28,07,2014,96,1,497
pen,JoeSwanson,21,29,28,07,2014,96,4,500
also,Ganrer,21,30,28,07,2014,97,1,502
loving,Ganrer,21,30,28,07,2014,97,3,504
boom,Ganrer,21,30,28,07,2014,97,4,505
beach,Ganrer,21,30,28,07,2014,97,5,506
stopped,Ganrer,21,30,28,07,2014,98,2,508
playing,Ganrer,21,30,28,07,2014,98,3,509
sconce,Ganrer,21,30,28,07,2014,98,4,510
got,Ganrer,21,30,28,07,2014,98,6,512
gets,JoeSwanson,21,52,28,07,2014,99,2,515
really,JoeSwanson,21,52,28,07,2014,99,3,516
fun,JoeSwanson,21,52,28,07,2014,99,4,517
attack,JoeSwanson,21,52,28,07,2014,99,6,519
people,JoeSwanson,21,52,28,07,2014,99,7,520
going,Ganrer,22,42,28,07,2014,100,2,522
better,Ganrer,22,42,28,07,2014,100,4,524
done,JoeSwanson,22,45,28,07,2014,101,3,531
appears,Ganrer,22,55,28,07,2014,102,2,533
ehat,Ganrer,22,55,28,07,2014,102,5,536
unaware,Ganrer,22,55,28,07,2014,102,6,537
what's,Ganrer,22,55,28,07,2014,102,8,539
amusing,Ganrer,22,55,28,07,2014,102,10,541
find,JoeSwanson,22,55,28,07,2014,104,3,546
face,JoeSwanson,22,55,28,07,2014,104,5,548
funny,JoeSwanson,22,55,28,07,2014,104,6,549
we're,Ganrer,23,13,28,07,2014,106,1,551
alike,Ganrer,23,13,28,07,2014,106,3,553
certain,JoeSwanson,23,21,28,07,2014,107,3,556
extent,JoeSwanson,23,21,28,07,2014,107,4,557
good,JoeSwanson,23,21,28,07,2014,108,6,563
qualities,JoeSwanson,23,21,28,07,2014,108,7,564
_,Ganrer,23,22,28,07,2014,110,1,568
know,Ganrer,23,22,28,07,2014,111,2,570
nothing,Ganrer,23,22,28,07,2014,111,3,571
',JoeSwanson,23,31,28,07,2014,112,1,572
lol,JoeSwanson,23,31,28,07,2014,112,2,573
rutting,Ganrer,23,32,28,07,2014,113,2,575
commence,Ganrer,23,32,28,07,2014,113,4,577
home,Ganrer,23,32,28,07,2014,113,7,580
furious,JoeSwanson,23,32,28,07,2014,114,1,581
spooning,JoeSwanson,23,32,28,07,2014,114,2,582
must,JoeSwanson,23,32,28,07,2014,114,5,585
wow,JoeSwanson,23,45,28,07,2014,115,1,587
know,JoeSwanson,23,45,28,07,2014,116,2,589
screen,JoeSwanson,23,45,28,07,2014,116,5,592
shot,JoeSwanson,23,45,28,07,2014,116,6,593
also,JoeSwanson,23,45,28,07,2014,116,7,594
appears,JoeSwanson,23,45,28,07,2014,116,9,596
within,JoeSwanson,23,45,28,07,2014,117,3,599
weeks,JoeSwanson,23,45,28,07,2014,117,6,602
prom,JoeSwanson,23,45,28,07,2014,117,8,604
go,Ganrer,16,06,29,07,2014,118,4,608
fairs,JoeSwanson,16,06,29,07,2014,119,2,610
well,JoeSwanson,16,06,29,07,2014,119,3,611
northern,JoeSwanson,16,06,29,07,2014,119,6,614
front,JoeSwanson,16,06,29,07,2014,119,7,615
sunny,JoeSwanson,16,06,29,07,2014,120,3,618
espaol,JoeSwanson,16,06,29,07,2014,120,4,619
yes,Ganrer,19,05,29,07,2014,121,1,620
fact,Ganrer,19,05,29,07,2014,121,4,623
believe,Ganrer,19,05,29,07,2014,121,5,624
actually,Ganrer,19,05,29,07,2014,121,10,629
tanning,Ganrer,19,05,29,07,2014,121,11,630
kind,Ganrer,19,05,29,07,2014,122,1,631
call,JoeSwanson,19,21,29,07,2014,123,2,634
reddening,JoeSwanson,19,21,29,07,2014,123,4,636
jape,JoeSwanson,19,21,29,07,2014,124,2,638
sweet,JoeSwanson,19,21,29,07,2014,124,3,639
brother,JoeSwanson,19,21,29,07,2014,124,4,640
appear,Ganrer,19,00,31,07,2014,125,3,643
dance,Ganrer,19,00,31,07,2014,125,4,644
1,Ganrer,19,00,31,07,2014,125,5,645
done,Ganrer,19,00,31,07,2014,125,9,649
read,Ganrer,19,00,31,07,2014,126,4,653
begins,Ganrer,19,00,31,07,2014,126,5,654
dance,Ganrer,19,01,31,07,2014,127,7,661
3,Ganrer,19,01,31,07,2014,127,8,662
2,Ganrer,19,01,31,07,2014,128,1,663
begins,JoeSwanson,20,42,31,07,2014,129,5,668
thus,JoeSwanson,20,42,31,07,2014,130,2,670
dance,JoeSwanson,20,42,31,07,2014,130,4,672
gas,JoeSwanson,20,42,31,07,2014,130,5,673
reached,JoeSwanson,20,42,31,07,2014,130,6,674
midpoint,JoeSwanson,20,42,31,07,2014,130,8,676
knew,Ganrer,21,15,31,07,2014,132,4,681
dance,Ganrer,21,15,31,07,2014,132,6,683
gas,Ganrer,21,15,31,07,2014,132,7,684
go,Ganrer,23,35,01,08,2014,133,2,687
festival,Ganrer,23,35,01,08,2014,133,4,689
pain,JoeSwanson,13,23,04,08,2014,134,2,691
subside,JoeSwanson,13,23,04,08,2014,134,4,693
alcohol,JoeSwanson,13,23,04,08,2014,134,7,696
leaves,JoeSwanson,13,23,04,08,2014,134,8,697
system,JoeSwanson,13,23,04,08,2014,134,10,699
alive,Ganrer,13,26,04,08,2014,135,2,701
hanging,Ganrer,13,26,04,08,2014,136,1,702
eyyyy,Ganrer,13,26,04,08,2014,136,2,703
sweet,JoeSwanson,13,26,04,08,2014,137,3,706
friend,JoeSwanson,13,26,04,08,2014,137,4,707
art,JoeSwanson,13,26,04,08,2014,139,2,711
thou,JoeSwanson,13,26,04,08,2014,139,3,712
still,Ganrer,13,26,04,08,2014,140,1,713
spain,Ganrer,13,26,04,08,2014,140,3,715
sitting,Ganrer,13,26,04,08,2014,141,1,716
pool,Ganrer,13,26,04,08,2014,141,4,719
pool,JoeSwanson,13,26,04,08,2014,142,3,722
eh,JoeSwanson,13,26,04,08,2014,142,4,723
_,Ganrer,13,27,04,08,2014,143,1,724
thing,Ganrer,13,27,04,08,2014,144,2,726
never,Ganrer,13,27,04,08,2014,144,3,727
change,Ganrer,13,27,04,08,2014,144,4,728
300,Ganrer,13,28,04,08,2014,145,2,730
pages,Ganrer,13,28,04,08,2014,145,3,731
dance,Ganrer,13,28,04,08,2014,145,5,733
two,Ganrer,13,28,04,08,2014,145,6,734
btw,Ganrer,13,28,04,08,2014,145,7,735
brave,JoeSwanson,14,15,04,08,2014,146,3,738
sweet,JoeSwanson,14,15,04,08,2014,147,3,741
clan,JoeSwanson,14,15,04,08,2014,147,4,742
attack,JoeSwanson,14,15,04,08,2014,147,5,743
going,JoeSwanson,14,52,04,08,2014,148,3,746
attack,JoeSwanson,14,52,04,08,2014,148,5,748
6,JoeSwanson,14,52,04,08,2014,148,6,749
shall,JoeSwanson,14,52,04,08,2014,148,8,751
well,JoeSwanson,15,28,04,08,2014,150,1,755
head,JoeSwanson,15,28,04,08,2014,150,4,758
loss,JoeSwanson,15,28,04,08,2014,150,7,761
sweet,JoeSwanson,15,28,04,08,2014,150,8,762
kind,JoeSwanson,15,28,04,08,2014,150,9,763
brother,JoeSwanson,15,28,04,08,2014,150,10,764
hope,Ganrer,18,02,04,08,2014,151,2,766
young,Ganrer,18,02,04,08,2014,151,3,767
griff,Ganrer,18,02,04,08,2014,151,4,768
die,Ganrer,18,02,04,08,2014,151,6,770
waste,Ganrer,18,03,04,08,2014,152,6,776
l,JoeSwanson,18,26,04,08,2014,153,1,780
knows,JoeSwanson,18,26,04,08,2014,154,2,782
know,Ganrer,19,00,04,08,2014,155,3,785
well,JoeSwanson,19,26,04,08,2014,156,1,786
finished,JoeSwanson,19,26,04,08,2014,156,3,788
known,JoeSwanson,19,26,04,08,2014,156,5,790
books,JoeSwanson,19,26,04,08,2014,156,6,791
read,JoeSwanson,19,26,04,08,2014,157,4,795
twow,JoeSwanson,19,26,04,08,2014,157,6,797
chapter,JoeSwanson,19,26,04,08,2014,157,7,798
samples,JoeSwanson,19,26,04,08,2014,157,8,799
wanna,JoeSwanson,19,27,04,08,2014,158,1,800
wait,JoeSwanson,19,27,04,08,2014,158,2,801
til,JoeSwanson,19,27,04,08,2014,158,3,802
book,JoeSwanson,19,27,04,08,2014,158,5,804
comes,JoeSwanson,19,27,04,08,2014,158,6,805
could,Ganrer,20,56,04,08,2014,159,3,809
finally,Ganrer,20,56,04,08,2014,159,4,810
read,Ganrer,20,56,04,08,2014,159,5,811
together,Ganrer,20,56,04,08,2014,159,6,812
read,Ganrer,20,56,04,08,2014,160,3,815
books,Ganrer,20,56,04,08,2014,160,5,817
love,Ganrer,20,56,04,08,2014,160,7,819
clash,Ganrer,20,56,04,08,2014,160,9,821
clans,Ganrer,20,56,04,08,2014,160,11,823
name,Ganrer,20,56,04,08,2014,160,12,824
cheeky,Ganrer,20,56,04,08,2014,161,3,827
kinda,Ganrer,20,56,04,08,2014,162,2,829
jelly,Ganrer,20,56,04,08,2014,162,3,830
mine,Ganrer,20,56,04,08,2014,162,6,833
griff,Ganrer,20,57,04,08,2014,163,5,838
young,Ganrer,20,57,04,08,2014,163,8,841
griff,Ganrer,20,57,04,08,2014,163,9,842
think,Ganrer,21,03,04,08,2014,164,4,846
new,Ganrer,21,03,04,08,2014,164,7,849
base,Ganrer,21,03,04,08,2014,164,8,850
btw,Ganrer,21,03,04,08,2014,164,9,851
like,Ganrer,21,31,04,08,2014,165,2,853
ignore,Ganrer,21,31,04,08,2014,165,6,857
sarcasm,Ganrer,21,31,04,08,2014,166,1,859
ahhh,JoeSwanson,23,36,04,08,2014,167,1,860
sweet,JoeSwanson,23,36,04,08,2014,167,2,861
gan,JoeSwanson,23,36,04,08,2014,167,3,862
sweet,JoeSwanson,23,36,04,08,2014,168,1,863
innocent,JoeSwanson,23,36,04,08,2014,168,2,864
fan,JoeSwanson,23,36,04,08,2014,168,3,865
drifting,JoeSwanson,23,36,04,08,2014,169,3,868
consciousness,JoeSwanson,23,36,04,08,2014,169,8,873
good,JoeSwanson,23,36,04,08,2014,169,9,874
sir,JoeSwanson,23,36,04,08,2014,169,10,875
check,JoeSwanson,23,37,04,08,2014,170,2,877
good,JoeSwanson,23,37,04,08,2014,170,6,881
time,JoeSwanson,23,37,04,08,2014,170,7,882
clever,JoeSwanson,23,37,04,08,2014,171,3,885
know,JoeSwanson,23,37,04,08,2014,171,5,887
wish,Ganrer,23,46,04,08,2014,172,1,888
could,Ganrer,23,46,04,08,2014,172,3,890
change,Ganrer,23,46,04,08,2014,172,4,891
name,Ganrer,23,46,04,08,2014,172,6,893
every,Ganrer,23,46,04,08,2014,172,7,894
time,Ganrer,23,46,04,08,2014,172,8,895
go,Ganrer,23,46,04,08,2014,172,10,897
damn,Ganrer,23,46,04,08,2014,172,13,900
game,Ganrer,23,46,04,08,2014,172,14,901
sorry,JoeSwanson,23,48,04,08,2014,173,2,903
sweet,JoeSwanson,23,48,04,08,2014,173,3,904
gan,JoeSwanson,23,48,04,08,2014,173,4,905
well,JoeSwanson,23,48,04,08,2014,174,1,906
toby,JoeSwanson,23,48,04,08,2014,174,2,907
cool,JoeSwanson,23,48,04,08,2014,174,5,910
name,JoeSwanson,23,48,04,08,2014,174,6,911
old,JoeSwanson,23,48,04,08,2014,174,7,912
pally,JoeSwanson,23,48,04,08,2014,174,8,913
old,JoeSwanson,23,48,04,08,2014,174,9,914
pal,JoeSwanson,23,48,04,08,2014,174,10,915
base,JoeSwanson,23,48,04,08,2014,175,3,918
good,JoeSwanson,23,48,04,08,2014,175,5,920
ain't,JoeSwanson,23,49,04,08,2014,176,1,921
one,JoeSwanson,23,49,04,08,2014,176,3,923
stealing,JoeSwanson,23,49,04,08,2014,176,4,924
elixir,JoeSwanson,23,49,04,08,2014,176,6,926
care,Ganrer,23,49,04,08,2014,177,2,928
elixir,Ganrer,23,49,04,08,2014,177,5,931
nothing,Ganrer,23,49,04,08,2014,177,8,934
upgrades,JoeSwanson,23,50,04,08,2014,178,2,940
even,JoeSwanson,23,50,04,08,2014,178,3,941
troops,JoeSwanson,23,50,04,08,2014,178,5,943
minions,Ganrer,23,50,04,08,2014,179,4,947
like,Ganrer,23,51,04,08,2014,180,2,949
base,Ganrer,23,51,04,08,2014,180,4,951
btw,Ganrer,23,51,04,08,2014,180,5,952
realise,Ganrer,23,51,04,08,2014,180,7,954
changed,Ganrer,23,51,04,08,2014,180,9,956
gossip,Ganrer,23,53,04,08,2014,181,2,959
ynot,Ganrer,23,53,04,08,2014,181,4,961
btw,Ganrer,23,53,04,08,2014,181,5,962
thank,JoeSwanson,23,55,04,08,2014,182,1,963
muchly,JoeSwanson,23,55,04,08,2014,182,3,965
yeah,JoeSwanson,23,56,04,08,2014,183,1,966
absolute,JoeSwanson,23,56,04,08,2014,183,4,969
maverick,JoeSwanson,23,56,04,08,2014,183,5,970
think,JoeSwanson,23,56,04,08,2014,184,3,973
already,JoeSwanson,23,56,04,08,2014,184,5,975
knew,JoeSwanson,23,56,04,08,2014,184,6,976
come,Ganrer,23,56,04,08,2014,185,1,978
sure,JoeSwanson,00,09,05,08,2014,186,3,982
actually,JoeSwanson,00,09,05,08,2014,186,4,983
pretty,JoeSwanson,00,09,05,08,2014,187,3,986
mad,JoeSwanson,00,09,05,08,2014,187,4,987
oh,Ganrer,13,14,05,08,2014,188,1,988
really,Ganrer,13,14,05,08,2014,188,2,989
interesting,Ganrer,13,14,05,08,2014,188,4,991
what's,JoeSwanson,13,38,05,08,2014,189,1,992
going,JoeSwanson,13,38,05,08,2014,189,2,993
'spain',JoeSwanson,13,38,05,08,2014,189,6,997
place,JoeSwanson,13,38,05,08,2014,189,7,998
nothing,Ganrer,13,43,05,08,2014,190,1,999
much,Ganrer,13,43,05,08,2014,190,2,1000
really,Ganrer,13,43,05,08,2014,190,3,1001
relaxing,Ganrer,13,44,05,08,2014,191,2,1003
readying,Ganrer,13,44,05,08,2014,191,4,1005
reading,Ganrer,13,44,05,08,2014,192,1,1006
ah,JoeSwanson,13,44,05,08,2014,193,1,1007
near,JoeSwanson,13,44,05,08,2014,193,4,1010
london,JoeSwanson,13,44,05,08,2014,193,5,1011
ermm,Ganrer,13,50,05,08,2014,194,1,1013
back,Ganrer,13,51,05,08,2014,195,3,1017
till,Ganrer,13,51,05,08,2014,195,4,1018
11th,Ganrer,13,51,05,08,2014,195,6,1020
sucks,JoeSwanson,13,51,05,08,2014,196,2,1022
sorry,Ganrer,13,51,05,08,2014,197,2,1024
lucys,JoeSwanson,13,52,05,08,2014,198,1,1025
back,JoeSwanson,13,52,05,08,2014,198,2,1026
like,JoeSwanson,13,52,05,08,2014,198,5,1029
13th,JoeSwanson,13,52,05,08,2014,198,7,1031
go,JoeSwanson,13,52,05,08,2014,198,10,1034
camping,JoeSwanson,13,52,05,08,2014,198,11,1035
day,JoeSwanson,13,52,05,08,2014,198,14,1038
one,JoeSwanson,13,52,05,08,2014,199,4,1042
night,JoeSwanson,13,52,05,08,2014,199,5,1043
100,JoeSwanson,13,52,05,08,2014,199,10,1048
sure,JoeSwanson,13,52,05,08,2014,199,11,1049
going,JoeSwanson,13,52,05,08,2014,199,14,1052
leave,JoeSwanson,13,52,05,08,2014,199,16,1054
go,JoeSwanson,13,52,05,08,2014,199,19,1057
lucys,JoeSwanson,13,52,05,08,2014,199,21,1059
12th,Ganrer,13,53,05,08,2014,201,2,1062
perhaps,JoeSwanson,14,08,05,08,2014,202,1,1063
course,JoeSwanson,23,00,05,08,2014,203,3,1066
today,JoeSwanson,23,00,05,08,2014,203,5,1068
looked,JoeSwanson,23,00,05,08,2014,203,7,1070
2m,JoeSwanson,23,00,05,08,2014,203,10,1073
gold,JoeSwanson,23,00,05,08,2014,203,11,1074
2m,JoeSwanson,23,00,05,08,2014,203,15,1078
elixir,JoeSwanson,23,00,05,08,2014,203,16,1079
quite,JoeSwanson,23,01,05,08,2014,204,4,1083
day,JoeSwanson,23,01,05,08,2014,204,6,1085
haha,Ganrer,23,01,05,08,2014,205,1,1086
maxed,Ganrer,23,01,05,08,2014,205,3,1088
elixir,Ganrer,23,01,05,08,2014,205,5,1090
raided,Ganrer,23,01,05,08,2014,205,8,1093
34,Ganrer,23,01,05,08,2014,205,9,1094
million,Ganrer,23,01,05,08,2014,205,10,1095
gold,Ganrer,23,01,05,08,2014,205,11,1096
good,Ganrer,23,01,05,08,2014,206,4,1100
day,Ganrer,23,01,05,08,2014,206,5,1101
jsus,JoeSwanson,23,01,05,08,2014,207,1,1102
excellent,JoeSwanson,23,01,05,08,2014,207,3,1104
like,Ganrer,23,02,05,08,2014,208,2,1106
play,Ganrer,23,02,05,08,2014,208,5,1109
game,Ganrer,23,02,05,08,2014,208,7,1111
lot,Ganrer,23,02,05,08,2014,208,9,1113
ynot,Ganrer,23,02,05,08,2014,209,5,1118
collectors,Ganrer,23,02,05,08,2014,209,7,1120
full,Ganrer,23,02,05,08,2014,209,10,1123
collecting,Ganrer,23,02,05,08,2014,210,5,1128
stuff,Ganrer,23,02,05,08,2014,210,7,1130
started,JoeSwanson,23,04,05,08,2014,211,2,1134
upgrade,JoeSwanson,23,04,05,08,2014,211,4,1136
healers,JoeSwanson,23,04,05,08,2014,211,7,1139
almost,JoeSwanson,23,04,05,08,2014,211,8,1140
24,JoeSwanson,23,04,05,08,2014,211,9,1141
hours,JoeSwanson,23,04,05,08,2014,211,10,1142
ago,JoeSwanson,23,04,05,08,2014,211,11,1143
already,JoeSwanson,23,04,05,08,2014,211,14,1146
ready,JoeSwanson,23,04,05,08,2014,211,15,1147
next,JoeSwanson,23,04,05,08,2014,211,18,1150
one,JoeSwanson,23,04,05,08,2014,211,19,1151
yeah,JoeSwanson,23,04,05,08,2014,212,1,1152
generous,JoeSwanson,23,04,05,08,2014,212,5,1156
weekend,JoeSwanson,23,04,05,08,2014,212,8,1159
lost,JoeSwanson,23,04,05,08,2014,213,1,1160
much,JoeSwanson,23,04,05,08,2014,213,3,1162
l,JoeSwanson,23,04,05,08,2014,213,4,1163
haha,Ganrer,23,06,05,08,2014,214,1,1164
minions,Ganrer,23,06,05,08,2014,214,3,1166
upgrade,Ganrer,23,06,05,08,2014,214,6,1169
atm,Ganrer,23,06,05,08,2014,214,7,1170
elixir,Ganrer,23,06,05,08,2014,214,10,1173
sitting,Ganrer,23,06,05,08,2014,214,13,1176
taking,Ganrer,23,06,05,08,2014,214,17,1180
ahh,Ganrer,23,06,05,08,2014,215,1,1181
well,Ganrer,23,06,05,08,2014,215,2,1182
made,Ganrer,23,06,05,08,2014,215,4,1184
back,Ganrer,23,06,05,08,2014,215,7,1187
today,Ganrer,23,06,05,08,2014,215,8,1188
know,JoeSwanson,23,09,05,08,2014,216,2,1190
really,JoeSwanson,23,11,05,08,2014,217,2,1192
hope,JoeSwanson,23,11,05,08,2014,217,3,1193
come,JoeSwanson,23,11,05,08,2014,217,5,1195
searching,JoeSwanson,23,11,05,08,2014,217,9,1199
attack,JoeSwanson,23,11,05,08,2014,217,11,1201
looking,Ganrer,23,12,05,08,2014,218,3,1204
loose,Ganrer,23,12,05,08,2014,218,5,1206
trophies,Ganrer,23,12,05,08,2014,218,6,1207
loose,JoeSwanson,23,13,05,08,2014,219,1,1208
lose,JoeSwanson,23,13,05,08,2014,219,3,1210
lose,Ganrer,23,15,05,08,2014,220,1,1211
damn,Ganrer,23,15,05,08,2014,221,1,1212
strong,Ganrer,23,15,05,08,2014,222,5,1218
par,Ganrer,23,15,05,08,2014,222,6,1219
can't,Ganrer,23,16,05,08,2014,223,3,1222
attack,Ganrer,23,16,05,08,2014,223,4,1223
someone,Ganrer,23,16,05,08,2014,223,5,1224
who's,Ganrer,23,16,05,08,2014,223,6,1225
clan,Ganrer,23,16,05,08,2014,223,9,1228
know,JoeSwanson,23,22,05,08,2014,225,2,1231
moron06082014,JoeSwanson,23,22,05,08,2014,225,6,1235
1128,JoeSwanson,23,22,05,08,2014,225,7,1236
ganrer,JoeSwanson,23,22,05,08,2014,225,8,1237
ganrer,JoeSwanson,15,57,06,08,2014,226,2,1241
likes,JoeSwanson,15,57,06,08,2014,226,3,1242
waze,JoeSwanson,15,57,06,08,2014,226,5,1244
app,JoeSwanson,15,57,06,08,2014,226,6,1245
haha,Ganrer,15,57,06,08,2014,227,1,1246
join,Ganrer,15,57,06,08,2014,227,2,1247
get,Ganrer,15,57,06,08,2014,227,5,1250
waze,Ganrer,15,57,06,08,2014,227,6,1251
points,Ganrer,15,57,06,08,2014,227,7,1252
consider,JoeSwanson,16,09,06,08,2014,228,2,1254
abouts,JoeSwanson,16,35,06,08,2014,229,2,1259
spain,JoeSwanson,16,35,06,08,2014,229,4,1261
find,JoeSwanson,16,35,06,08,2014,229,8,1265
waze,JoeSwanson,16,35,06,08,2014,229,11,1268
orgiva,Ganrer,18,08,06,08,2014,230,1,1269
yawn,JoeSwanson,18,13,06,08,2014,231,1,1270
dare,Ganrer,18,19,06,08,2014,232,2,1272
appears,Ganrer,10,21,07,08,2014,233,2,1275
dance,Ganrer,10,21,07,08,2014,233,3,1276
done,Ganrer,10,21,07,08,2014,233,5,1278
wait,Ganrer,10,21,07,08,2014,234,4,1282
begins,Ganrer,10,21,07,08,2014,234,5,1283
marsh,Ganrer,10,21,07,08,2014,235,1,1284
bellend,Ganrer,10,21,07,08,2014,235,4,1287
wonder,Ganrer,10,21,07,08,2014,236,2,1289
stannis,Ganrer,10,21,07,08,2014,236,4,1291
ramsay,Ganrer,10,21,07,08,2014,236,8,1295
actually,Ganrer,10,21,07,08,2014,236,9,1296
kill,Ganrer,10,21,07,08,2014,236,11,1298
ahhhhh,JoeSwanson,10,21,07,08,2014,237,1,1300
believe,JoeSwanson,10,21,07,08,2014,237,4,1303
carts,Ganrer,10,21,07,08,2014,238,2,1306
varys,Ganrer,10,22,07,08,2014,239,2,1308
little,Ganrer,10,22,07,08,2014,240,2,1310
spider,Ganrer,10,22,07,08,2014,240,3,1311
notice,JoeSwanson,10,22,07,08,2014,241,4,1315
wording,JoeSwanson,10,22,07,08,2014,241,6,1317
end,JoeSwanson,10,22,07,08,2014,241,9,1320
jons,JoeSwanson,10,22,07,08,2014,241,11,1322
chapter,JoeSwanson,10,22,07,08,2014,241,12,1323
explain,Ganrer,10,22,07,08,2014,242,3,1326
tear,JoeSwanson,10,23,07,08,2014,243,2,1328
salty,JoeSwanson,10,23,07,08,2014,243,4,1330
wound,JoeSwanson,10,23,07,08,2014,243,7,1333
smoked,JoeSwanson,10,23,07,08,2014,243,8,1334
hero,Ganrer,10,23,07,08,2014,244,2,1336
born,Ganrer,10,23,07,08,2014,244,3,1337
salt,Ganrer,10,23,07,08,2014,244,5,1339
fire,Ganrer,10,23,07,08,2014,244,7,1341
salt,JoeSwanson,10,23,07,08,2014,245,1,1342
smoke,JoeSwanson,10,23,07,08,2014,245,3,1344
prophecy,JoeSwanson,10,24,07,08,2014,246,3,1347
azor,JoeSwanson,10,24,07,08,2014,246,5,1349
ahai,JoeSwanson,10,24,07,08,2014,246,6,1350
born,JoeSwanson,10,24,07,08,2014,246,7,1351
mean,Ganrer,10,24,07,08,2014,247,3,1355
he'll,Ganrer,10,24,07,08,2014,247,4,1356
come,Ganrer,10,24,07,08,2014,247,5,1357
back,Ganrer,10,24,07,08,2014,247,6,1358
good,Ganrer,10,24,07,08,2014,248,3,1364
one,Ganrer,10,24,07,08,2014,248,4,1365
win,Ganrer,10,24,07,08,2014,249,3,1368
war,Ganrer,10,24,07,08,2014,249,5,1370
longclaw,Ganrer,10,24,07,08,2014,250,1,1371
must,Ganrer,10,24,07,08,2014,250,2,1372
glow,Ganrer,10,24,07,08,2014,250,3,1373
stannis,Ganrer,10,24,07,08,2014,251,1,1374
dead,Ganrer,10,24,07,08,2014,251,4,1377
knew,Ganrer,10,24,07,08,2014,252,2,1379
long,Ganrer,10,24,07,08,2014,252,8,1385
knows,JoeSwanson,10,26,07,08,2014,253,2,1387
stannis,JoeSwanson,10,26,07,08,2014,254,1,1388
ramsay,JoeSwanson,10,26,07,08,2014,254,3,1390
good,JoeSwanson,10,26,07,08,2014,254,7,1394
battle,JoeSwanson,10,26,07,08,2014,254,8,1395
can't,JoeSwanson,10,26,07,08,2014,255,3,1398
wait,JoeSwanson,10,26,07,08,2014,255,4,1399
walder,JoeSwanson,10,26,07,08,2014,255,6,1401
frey,JoeSwanson,10,26,07,08,2014,255,7,1402
die,JoeSwanson,10,26,07,08,2014,255,9,1404
read,JoeSwanson,10,27,07,08,2014,256,1,1407
theories,JoeSwanson,10,27,07,08,2014,256,2,1408
clegane,JoeSwanson,10,27,07,08,2014,257,1,1410
bowl,JoeSwanson,10,27,07,08,2014,257,2,1411
fave,JoeSwanson,10,27,07,08,2014,257,5,1414
theory,JoeSwanson,10,27,07,08,2014,257,6,1415
there's,JoeSwanson,10,28,07,08,2014,258,1,1416
much,JoeSwanson,10,28,07,08,2014,258,3,1418
evidence,JoeSwanson,10,28,07,08,2014,258,4,1419
read,Ganrer,10,29,07,08,2014,259,3,1424
good,Ganrer,10,29,07,08,2014,259,7,1428
friend,Ganrer,10,29,07,08,2014,259,8,1429
much,JoeSwanson,10,29,07,08,2014,260,1,1430
jon,Ganrer,12,51,07,08,2014,261,1,1433
snow,Ganrer,12,51,07,08,2014,261,2,1434
kill,Ganrer,12,51,07,08,2014,262,1,1435
boy,Ganrer,12,51,07,08,2014,262,3,1437
let,Ganrer,12,51,07,08,2014,262,4,1438
man,Ganrer,12,51,07,08,2014,262,6,1440
live,Ganrer,12,51,07,08,2014,262,7,1441
say,Ganrer,12,52,07,08,2014,263,2,1443
cafe,Ganrer,12,52,07,08,2014,263,5,1446
thought,Ganrer,12,52,07,08,2014,263,7,1448
nice,JoeSwanson,12,52,07,08,2014,264,1,1451
said,JoeSwanson,12,52,07,08,2014,265,2,1453
huh,Ganrer,12,52,07,08,2014,266,1,1455
elaborate,Ganrer,12,53,07,08,2014,267,1,1456
said,JoeSwanson,13,04,07,08,2014,268,2,1458
kill,JoeSwanson,13,04,07,08,2014,268,3,1459
boy,JoeSwanson,13,04,07,08,2014,268,5,1461
jon,JoeSwanson,13,04,07,08,2014,268,6,1462
snow,JoeSwanson,13,04,07,08,2014,268,7,1463
ned,Ganrer,13,06,07,08,2014,269,1,1464
told,Ganrer,13,06,07,08,2014,269,2,1465
jon,Ganrer,13,06,07,08,2014,269,5,1468
robb,Ganrer,13,06,07,08,2014,269,7,1470
jon,Ganrer,13,06,07,08,2014,269,10,1473
becomes,Ganrer,13,06,07,08,2014,269,11,1474
lord,Ganrer,13,06,07,08,2014,269,12,1475
commander,Ganrer,13,06,07,08,2014,269,13,1476
always,Ganrer,13,06,07,08,2014,269,15,1478
says,Ganrer,13,06,07,08,2014,269,16,1479
ahhhhh,JoeSwanson,13,10,07,08,2014,270,1,1481
good,JoeSwanson,13,10,07,08,2014,270,3,1483
sir,JoeSwanson,13,10,07,08,2014,270,4,1484
boys,JoeSwanson,13,10,07,08,2014,271,3,1487
killed,JoeSwanson,13,10,07,08,2014,271,6,1490
le,JoeSwanson,13,10,07,08,2014,272,1,1491
men,JoeSwanson,13,10,07,08,2014,272,3,1493
return,JoeSwanson,13,10,07,08,2014,272,4,1494
think,Ganrer,13,11,07,08,2014,273,2,1496
reborn,Ganrer,13,11,07,08,2014,273,6,1500
man,Ganrer,13,11,07,08,2014,273,8,1502
remember,JoeSwanson,13,12,07,08,2014,274,1,1503
others,JoeSwanson,13,12,07,08,2014,274,4,1506
seriously,JoeSwanson,13,12,07,08,2014,274,6,1508
misunderstood,JoeSwanson,13,12,07,08,2014,274,7,1509
creatures,JoeSwanson,13,12,07,08,2014,274,8,1510
really,Ganrer,13,17,07,08,2014,275,2,1512
pray,Ganrer,13,17,07,08,2014,276,1,1513
tell,Ganrer,13,17,07,08,2014,276,2,1514
think,JoeSwanson,13,19,07,08,2014,277,2,1516
they're,JoeSwanson,13,19,07,08,2014,277,3,1517
coming,JoeSwanson,13,19,07,08,2014,277,4,1518
back,JoeSwanson,13,19,07,08,2014,277,5,1519
saw,JoeSwanson,13,19,07,08,2014,277,9,1523
coming,JoeSwanson,13,19,07,08,2014,277,11,1525
dragons,JoeSwanson,13,19,07,08,2014,277,13,1527
jon,JoeSwanson,13,19,07,08,2014,277,15,1529
snow,JoeSwanson,13,19,07,08,2014,277,16,1530
lead,JoeSwanson,13,19,07,08,2014,277,18,1532
dragons,Ganrer,13,20,07,08,2014,278,2,1535
dany,Ganrer,13,20,07,08,2014,279,1,1536
controls,Ganrer,13,20,07,08,2014,279,2,1537
bad,Ganrer,13,20,07,08,2014,279,7,1542
jon,Ganrer,13,21,07,08,2014,280,1,1543
marry,Ganrer,13,21,07,08,2014,280,3,1545
dany,Ganrer,13,21,07,08,2014,280,4,1546
combine,Ganrer,13,21,07,08,2014,280,6,1548
song,Ganrer,13,21,07,08,2014,280,8,1550
ice,Ganrer,13,21,07,08,2014,280,10,1552
fire,Ganrer,13,21,07,08,2014,280,12,1554
bad,JoeSwanson,13,21,07,08,2014,281,3,1557
sweet,JoeSwanson,13,21,07,08,2014,281,4,1558
gan,JoeSwanson,13,21,07,08,2014,281,5,1559
ones,Ganrer,13,21,07,08,2014,282,2,1561
really,Ganrer,13,21,07,08,2014,282,3,1562
knows,Ganrer,13,21,07,08,2014,282,4,1563
there's,JoeSwanson,13,22,07,08,2014,283,2,1565
one,JoeSwanson,13,22,07,08,2014,283,3,1566
thing,JoeSwanson,13,22,07,08,2014,283,4,1567
learned,JoeSwanson,13,22,07,08,2014,283,7,1570
good,JoeSwanson,13,22,07,08,2014,283,10,1573
evil,JoeSwanson,13,22,07,08,2014,283,12,1575
near,JoeSwanson,13,22,07,08,2014,283,16,1579
clear,JoeSwanson,13,22,07,08,2014,283,17,1580
cut,JoeSwanson,13,22,07,08,2014,283,18,1581
asoiaf,JoeSwanson,13,22,07,08,2014,283,20,1583
ramsey,Ganrer,13,22,07,08,2014,284,1,1584
evil,Ganrer,13,22,07,08,2014,284,3,1586
pretty,Ganrer,13,22,07,08,2014,285,2,1588
clear,Ganrer,13,22,07,08,2014,285,3,1589
suck,Ganrer,13,22,07,08,2014,286,2,1591
g,Ganrer,13,22,07,08,2014,286,5,1594
dany,JoeSwanson,13,22,07,08,2014,287,1,1595
wants,JoeSwanson,13,22,07,08,2014,287,2,1596
retake,JoeSwanson,13,22,07,08,2014,287,4,1598
westeros,JoeSwanson,13,22,07,08,2014,287,5,1599
force,JoeSwanson,13,22,07,08,2014,287,7,1601
band,JoeSwanson,13,22,07,08,2014,287,10,1604
brave,JoeSwanson,13,22,07,08,2014,287,12,1606
people,JoeSwanson,13,22,07,08,2014,287,13,1607
decided,JoeSwanson,13,22,07,08,2014,287,14,1608
kill,JoeSwanson,13,22,07,08,2014,287,16,1610
father,JoeSwanson,13,22,07,08,2014,287,18,1612
evil,JoeSwanson,13,22,07,08,2014,287,22,1616
man,JoeSwanson,13,22,07,08,2014,287,23,1617
who's,JoeSwanson,13,22,07,08,2014,288,1,1618
good,JoeSwanson,13,22,07,08,2014,288,3,1620
guys,JoeSwanson,13,22,07,08,2014,288,4,1621
yeah,JoeSwanson,13,23,07,08,2014,289,1,1622
actually,JoeSwanson,13,23,07,08,2014,289,4,1625
thinking,JoeSwanson,13,23,07,08,2014,289,5,1626
writing,JoeSwanson,13,23,07,08,2014,289,9,1630
100,JoeSwanson,13,23,07,08,2014,289,13,1634
evil,JoeSwanson,13,23,07,08,2014,289,14,1635
know,Ganrer,13,23,07,08,2014,290,2,1637
mean,Ganrer,13,23,07,08,2014,290,5,1640
though,Ganrer,13,23,07,08,2014,290,6,1641
even,Ganrer,13,23,07,08,2014,291,1,1642
freeing,Ganrer,13,23,07,08,2014,291,2,1643
slaves,Ganrer,13,23,07,08,2014,291,4,1645
made,Ganrer,13,23,07,08,2014,291,5,1646
slaves,Ganrer,13,23,07,08,2014,291,7,1648
worse,Ganrer,13,23,07,08,2014,291,8,1649
closing,Ganrer,13,24,07,08,2014,292,1,1651
fighting,Ganrer,13,24,07,08,2014,292,3,1653
pits,Ganrer,13,24,07,08,2014,292,4,1654
pleasure,Ganrer,13,24,07,08,2014,293,2,1656
houses,Ganrer,13,24,07,08,2014,293,3,1657
think,Ganrer,13,24,07,08,2014,294,2,1659
red,Ganrer,13,24,07,08,2014,294,4,1661
god,Ganrer,13,24,07,08,2014,294,5,1662
evil,Ganrer,13,24,07,08,2014,294,7,1664
yes,JoeSwanson,13,29,07,08,2014,295,1,1665
good,JoeSwanson,13,29,07,08,2014,295,3,1667
call,JoeSwanson,13,29,07,08,2014,295,4,1668
others,Ganrer,13,31,07,08,2014,296,2,1670
coming,Ganrer,13,31,07,08,2014,296,4,1672
stamp,Ganrer,13,31,07,08,2014,296,6,1674
yeah,JoeSwanson,13,39,07,08,2014,297,1,1677
buddy,JoeSwanson,13,39,07,08,2014,297,2,1678
